pic_no,file_name,group_no,pic_long,pic_lat,pic_time
1,132.jpg,0,128.57928333333334,35.868947222222225,1774018552
2,206.jpg,1,128.58178611111111,35.869083333333336,1774020432
3,138.jpg,2,128.57914722222222,35.868916666666664,1774018682
4,605.jpg,2,128.57917777777777,35.86901388888889,1777643837
5,602.jpg,2,128.57917777777777,35.868988888888886,1777643754
6,192.jpg,3,128.58120833333334,35.86901944444445,1774020102
7,194.jpg,3,128.58120833333334,35.86902222222222,1774020103
8,698.jpg,3,128.58114722222223,35.86904444444445,1777646919
9,683.jpg,4,128.5817722222222,35.86866111111111,1777646799
10,597.jpg,5,128.5794222222222,35.869011111111114,1777643692
11,22.jpg,6,128.57901599972223,35.869016199722225,1774022604
12,314.jpg,7,128.57920833333333,35.868947222222225,1777634012
13,128.jpg,7,128.5793,35.86895833333333,1774018546
14,589.jpg,7,128.57939166666665,35.86900277777778,1777643449
15,117.jpg,7,128.579216,35.8690477,1774018534
16,312.jpg,7,128.57916388888887,35.86896111111111,1777634003
17,134.jpg,7,128.57925277777778,35.86893055555556,1774018560
18,600.jpg,7,128.579225,35.86901388888889,1777643739
19,592.jpg,7,128.57925277777778,35.86893888888889,1777643472
20,116.jpg,8,128.57960555555556,35.869075,1774018368
21,614.jpg,8,128.57954444444445,35.869075,1777645962
22,585.jpg,8,128.5797111111111,35.86897777777778,1777643389
23,305.jpg,8,128.57965,35.86900277777778,1777633954
24,114.jpg,8,128.57968055555554,35.869083333333336,1774018354
25,28.jpg,8,128.57954444444445,35.869033333333334,1773399475
26,564.jpg,9,128.58119166666665,35.869575,1777643002
27,26.jpg,9,128.5812222222222,35.869397222222226,1773399007
28,567.jpg,9,128.58119166666665,35.86949444444444,1777643023
29,566.jpg,9,128.58119166666665,35.86951388888889,1777643017
30,647.jpg,9,128.58120833333334,35.869475,1777646433
31,74.jpg,9,128.58117777777778,35.86960555555556,1773399034
32,562.jpg,9,128.58120833333334,35.86967777777778,1777642975
33,569.jpg,9,128.58119166666665,35.869419444444446,1777643041
34,557.jpg,10,128.58175555555556,35.86986944444445,1777642720
35,558.jpg,10,128.581725,35.86986666666667,1777642730
36,561.jpg,10,128.5816638888889,35.86985833333333,1777642815
37,559.jpg,10,128.5817111111111,35.86985277777778,1777642734
38,184.jpg,10,128.58174166666666,35.86985,1774019425
39,182.jpg,10,128.58174166666666,35.86985,1774019422
40,85.jpg,10,128.58180709972223,35.869787799722225,1774016429
41,188.jpg,11,128.58029166666665,35.869213888888886,1774019816
42,104.jpg,11,128.58018611111112,35.869080555555556,1774018269
43,102.jpg,11,128.5802,35.869075,1774018266
44,578.jpg,11,128.58023055555554,35.869144444444444,1777643287
45,106.jpg,11,128.58016944444444,35.86910555555556,1774018275
46,640.jpg,12,128.58023055555554,35.869775,1777646227
47,637.jpg,12,128.5802,35.86978888888889,1777646204
48,635.jpg,12,128.5803222222222,35.8698,1777646191
49,176.jpg,13,128.58210833333334,35.869258333333335,1774019286
50,660.jpg,13,128.58215277777776,35.86926666666667,1777646613
51,380.jpg,13,128.58218333333332,35.8693,1777636162
52,663.jpg,13,128.58216944444445,35.86931666666667,1777646628
53,178.jpg,13,128.5821222222222,35.869275,1774019304
54,42.jpg,13,128.5821222222222,35.869175,1773398883
55,186.jpg,14,128.58003333333332,35.869236111111114,1774019814
56,572.jpg,15,128.58090277777777,35.869125000000004,1777643157
57,54.jpg,15,128.58091666666667,35.86916388888889,1773399626
58,570.jpg,15,128.58099444444443,35.86911666666667,1777643138
59,228.jpg,16,128.5799722222222,35.86868333333334,1777631512
60,738.jpg,17,128.58236666666667,35.869083333333336,1777647470
61,343.jpg,18,128.5815888888889,35.86864166666667,1777634594
62,35.jpg,18,128.5815905,35.86869529972222,1774017427
63,688.jpg,18,128.5815722222222,35.86858055555555,1777646834
64,689.jpg,18,128.58155833333333,35.86856944444445,1777646838
65,341.jpg,18,128.58154166666665,35.86864722222222,1777634583
66,686.jpg,18,128.5816638888889,35.868611111111115,1777646819
67,342.jpg,18,128.58154166666665,35.86864722222222,1777634583
68,82.jpg,18,128.5815111111111,35.86867222222222,1773400928
69,684.jpg,19,128.5817722222222,35.86864722222222,1777646803
70,18.jpg,20,128.57901519972222,35.86900599972222,1774022578
71,19.jpg,20,128.57901519972222,35.86900599972222,1774022578
72,604.jpg,20,128.57895,35.869025,1777643777
73,307.jpg,21,128.57895,35.86890277777778,1777633957
74,306.jpg,21,128.5789638888889,35.868880555555556,1777633956
75,158.jpg,22,128.58090277777777,35.869791666666664,1774019116
76,53.jpg,23,128.58120969972222,35.8687289,1774017645
77,338.jpg,24,128.58140555555556,35.86858333333333,1777634566
78,382.jpg,25,128.58155833333333,35.869144444444444,1777636221
79,173.jpg,26,128.58115739972223,35.869177399722226,1774016752
80,29.jpg,26,128.58124029972223,35.869112199722224,1774017279
81,190.jpg,26,128.58119166666665,35.86915833333333,1774019954
82,552.jpg,27,128.5820611111111,35.86987222222222,1777642661
83,549.jpg,27,128.582,35.86985,1777642680
84,55.jpg,28,128.580981,35.8687309,1774017650
85,317.jpg,29,128.57949722222222,35.86920555555555,1777634070
86,624.jpg,30,128.57945277777776,35.86942222222222,1777646040
87,654.jpg,31,128.582,35.869236111111114,1777646588
88,112.jpg,32,128.5798027777778,35.86904444444445,1774018325
89,583.jpg,32,128.5798638888889,35.86904166666667,1777643368
90,462.jpg,33,128.73594722222222,35.821872222222225,1777647931
91,92.jpg,34,128.5822,35.86909166666667,1773401033
92,495.jpg,35,128.60949239972223,35.881769499722225,1777739676
93,445.jpg,36,128.73580833333332,35.822922222222225,1777647788
94,31.jpg,37,128.5813512,35.8688975,1774017357
95,457.jpg,38,128.7359,35.822075000000005,1777647908
96,633.jpg,39,128.57945277777776,35.869708333333335,1777646106
97,58.jpg,40,128.58195555555554,35.86915277777778,1773398903
98,185.jpg,40,128.5817733,35.8692416,1774020334
99,197.jpg,40,128.5818663,35.8691934,1774020917
100,189.jpg,40,128.5817969,35.869240499722224,1774020416
101,183.jpg,41,128.58143509972223,35.869126299722225,1774020291
102,696.jpg,42,128.5812388888889,35.868836111111115,1777646886
103,204.jpg,43,128.58180277777777,35.868766666666666,1774020409
104,146.jpg,44,128.57933055555554,35.86965555555555,1774018830
105,628.jpg,45,128.5794361111111,35.869566666666664,1777646071
106,448.jpg,46,128.73579444444442,35.82276111111111,1777647807
107,286.jpg,47,128.58161944444444,35.869683333333334,1777632381
108,401.jpg,48,128.70918333333333,35.83688333333333,1777645340
109,402.jpg,48,128.70916666666665,35.83686388888889,1777645343
110,581.jpg,49,128.58003333333332,35.86905277777778,1777643313
111,580.jpg,49,128.58006388888887,35.86907222222222,1777643309
112,40.jpg,49,128.58009444444443,35.869011111111114,1773399533
113,38.jpg,49,128.58010833333333,35.86900277777778,1773399529
114,148.jpg,50,128.5794222222222,35.86984722222222,1774018833
115,449.jpg,51,128.73585555555553,35.82256666666667,1777647837
116,25.jpg,52,128.58028579999998,35.868961599722226,1774017139
117,383.jpg,53,128.58094722222222,35.86895,1777636344
118,627.jpg,54,128.57945277777776,35.869566666666664,1777646068
119,632.jpg,54,128.5794361111111,35.86964722222222,1777646083
120,629.jpg,54,128.5794361111111,35.86958333333333,1777646074
121,631.jpg,54,128.5794361111111,35.869625,1777646080
122,321.jpg,54,128.57946666666666,35.86949444444444,1777634113
123,384.jpg,55,128.58062777777778,35.86905,1777636349
124,406.jpg,56,128.70956388888888,35.83741666666667,1777645431
125,408.jpg,56,128.70967222222222,35.83739722222222,1777645440
126,407.jpg,56,128.70967222222222,35.83740277777778,1777645438
127,310.jpg,57,128.5790861111111,35.86898055555556,1777633994
128,308.jpg,57,128.5790111111111,35.86895277777778,1777633962
129,601.jpg,57,128.57917777777777,35.868988888888886,1777643743
130,119.jpg,57,128.5792236,35.8690451,1774018551
131,311.jpg,57,128.57913333333332,35.86896388888889,1777634000
132,123.jpg,58,128.57889509999998,35.86903279972222,1774018640
133,423.jpg,59,128.73606944444444,35.82044722222223,1777647072
134,481.jpg,59,128.73611388888887,35.82037777777778,1777648149
135,480.jpg,59,128.7361,35.82047777777778,1777648139
136,388.jpg,60,128.70956388888888,35.838230555555555,1777645183
137,644.jpg,61,128.58071944444444,35.86977777777778,1777646297
138,656.jpg,62,128.58201666666668,35.86924444444445,1777646592
139,655.jpg,62,128.58201666666668,35.86924444444445,1777646590
140,172.jpg,62,128.582,35.869280555555555,1774019269
141,48.jpg,63,128.58039722222222,35.86910555555556,1773399582
142,576.jpg,63,128.58042777777777,35.86911111111111,1777643236
143,577.jpg,63,128.5803388888889,35.869125000000004,1777643275
144,332.jpg,64,128.58013888888888,35.86901944444445,1777634325
145,46.jpg,64,128.58023055555554,35.868988888888886,1773399565
146,430.jpg,65,128.7359611111111,35.82159722222222,1777647204
147,467.jpg,65,128.73597777777778,35.82154166666667,1777647978
148,131.jpg,66,128.57940719972223,35.869284299722224,1774018778
149,619.jpg,66,128.5795138888889,35.869175,1777645989
150,622.jpg,66,128.57948333333334,35.869236111111114,1777646003
151,621.jpg,66,128.5795138888889,35.86920833333333,1777645996
152,319.jpg,67,128.57946666666666,35.86936111111111,1777634088
153,677.jpg,68,128.5820611111111,35.868744444444445,1777646755
154,211.jpg,68,128.58193919972223,35.8685963,1774021944
155,45.jpg,68,128.58193119999999,35.8686554,1774017563
156,718.jpg,68,128.58186388888888,35.868655555555556,1777647191
157,721.jpg,68,128.58195555555554,35.86864166666667,1777647205
158,280.jpg,68,128.58189444444443,35.86860277777778,1777632205
159,209.jpg,68,128.5819668,35.868706,1774021937
160,47.jpg,68,128.58193119999999,35.8686554,1774017581
161,278.jpg,68,128.58180277777777,35.868605555555554,1777632200
162,279.jpg,68,128.58186388888888,35.86859444444445,1777632204
163,717.jpg,68,128.58183333333332,35.868655555555556,1777647188
164,719.jpg,68,128.58192499999998,35.86864722222222,1777647202
165,213.jpg,68,128.58193919972223,35.8685963,1774021950
166,316.jpg,69,128.5795138888889,35.86901944444445,1777634060
167,606.jpg,69,128.5794222222222,35.868988888888886,1777645894
168,613.jpg,69,128.57952777777777,35.869030555555554,1777645950
169,120.jpg,69,128.57952777777777,35.86907222222222,1774018383
170,607.jpg,69,128.57934444444444,35.869083333333336,1777645902
171,611.jpg,69,128.5795138888889,35.86901944444445,1777645936
172,609.jpg,69,128.57939166666665,35.869055555555555,1777645916
173,214.jpg,70,128.5806722222222,35.86868333333334,1774022077
174,59.jpg,70,128.5807178,35.868729,1774017699
175,61.jpg,70,128.5807178,35.868729,1774017709
176,459.jpg,71,128.7359,35.82197222222223,1777647919
177,50.jpg,72,128.58119166666665,35.869483333333335,1773399018
178,565.jpg,72,128.58119166666665,35.86953333333334,1777643015
179,145.jpg,72,128.58122269999998,35.869486,1774019136
180,79.jpg,73,128.5790455,35.8686172,1774017908
181,180.jpg,74,128.5821388888889,35.86982777777778,1774019370
182,105.jpg,75,128.5800892,35.8687374,1774018185
183,227.jpg,76,128.58023055555554,35.86870277777778,1777631494
184,215.jpg,77,128.5809246,35.868740199722225,1774022067
185,729.jpg,78,128.58210833333334,35.868544444444446,1777647239
186,701.jpg,79,128.58117777777778,35.86909444444444,1777647047
187,438.jpg,80,128.73583888888888,35.82265833333334,1777647335
188,451.jpg,81,128.73573333333331,35.82256666666667,1777647846
189,571.jpg,82,128.58094722222222,35.86911666666667,1777643146
190,52.jpg,82,128.5808861111111,35.86915833333333,1773399624
191,327.jpg,83,128.57994166666666,35.86881944444445,1777634242
192,6.jpg,83,128.57984099972222,35.8686901,1774022189
193,229.jpg,83,128.5799111111111,35.86863611111111,1777631514
194,5.jpg,83,128.57988055555555,35.86875833333333,1774022165
195,4.jpg,83,128.57991279972222,35.868708599722225,1774022170
196,353.jpg,84,128.57954444444445,35.868830555555554,1777634928
197,15.jpg,84,128.57955833333332,35.86884722222222,1774022630
198,13.jpg,84,128.57955833333332,35.86886111111111,1774022632
199,582.jpg,85,128.5799111111111,35.869025,1777643360
200,34.jpg,85,128.57978888888888,35.868988888888886,1773399501
201,32.jpg,85,128.57978888888888,35.86898333333333,1773399499
202,350.jpg,85,128.57975833333333,35.86890833333334,1777634881
203,348.jpg,85,128.57978888888888,35.868922222222224,1777634867
204,584.jpg,85,128.57985,35.86902222222222,1777643372
205,269.jpg,86,128.57988055555555,35.86846666666667,1777632051
206,267.jpg,86,128.5798027777778,35.86846111111111,1777632046
207,268.jpg,86,128.57985,35.868458333333336,1777632048
208,271.jpg,86,128.58001666666667,35.868491666666664,1777632060
209,270.jpg,86,128.5799861111111,35.86848055555556,1777632058
210,266.jpg,86,128.57974166666665,35.86846666666667,1777632041
211,272.jpg,87,128.58036666666666,35.868633333333335,1777632092
212,65.jpg,87,128.5803486,35.8686403,1774017723
213,109.jpg,88,128.5802185,35.86887839972222,1774018221
214,442.jpg,89,128.73570277777776,35.82325,1777647766
215,390.jpg,90,128.70948888888887,35.8378,1777645226
216,553.jpg,91,128.58196944444444,35.86983888888889,1777642686
217,292.jpg,91,128.582,35.869705555555555,1777632506
218,550.jpg,91,128.582,35.86985833333333,1777642675
219,159.jpg,91,128.5819687997222,35.869920999722225,1774019386
220,287.jpg,91,128.58193888888889,35.86976111111111,1777632402
221,62.jpg,91,128.58190833333333,35.86978888888889,1773400104
222,263.jpg,92,128.57940555555555,35.86838888888889,1777632015
223,264.jpg,92,128.57940555555555,35.86839166666667,1777632018
224,392.jpg,93,128.70944166666666,35.83766666666667,1777645241
225,705.jpg,94,128.58154166666665,35.86863611111111,1777647146
226,135.jpg,95,128.5795501,35.8694325,1774018828
227,252.jpg,96,128.57878055555554,35.868380555555554,1777631951
228,330.jpg,97,128.58001666666667,35.86895833333333,1777634282
229,478.jpg,98,128.73605277777776,35.820705555555556,1777648120
230,471.jpg,99,128.73600833333333,35.82142777777778,1777647988
231,470.jpg,99,128.73600833333333,35.82142777777778,1777647988
232,469.jpg,99,128.73600833333333,35.82144166666667,1777647987
233,711.jpg,100,128.58169444444445,35.86864722222222,1777647166
234,709.jpg,100,128.5816638888889,35.86864444444444,1777647160
235,712.jpg,100,128.58169444444445,35.868652777777775,1777647169
236,685.jpg,100,128.58168055555555,35.86861388888889,1777646815
237,710.jpg,100,128.58168055555555,35.86864444444444,1777647163
238,420.jpg,101,128.73611388888887,35.81999166666667,1777647020
239,419.jpg,101,128.73606944444444,35.81997777777778,1777647004
240,489.jpg,102,128.6093012,35.88136,1777739760
241,491.jpg,102,128.6093012,35.88136,1777739725
242,422.jpg,103,128.7360833333333,35.82020277777778,1777647052
243,75.jpg,104,128.5793840997222,35.868602,1774017860
244,237.jpg,104,128.5794361111111,35.868655555555556,1777631560
245,416.jpg,105,128.73594722222222,35.82016388888889,1777646981
246,253.jpg,106,128.57893333333334,35.86844166666667,1777631969
247,260.jpg,107,128.57923888888888,35.86839166666667,1777632003
248,579.jpg,108,128.58010833333333,35.86911388888889,1777643295
249,463.jpg,109,128.73593055555554,35.82185833333334,1777647933
250,331.jpg,110,128.58021666666667,35.86913611111111,1777634293
251,258.jpg,111,128.5790722222222,35.86831388888889,1777631982
252,259.jpg,111,128.5790861111111,35.86830277777778,1777631984
253,257.jpg,111,128.57898055555555,35.868297222222225,1777631977
254,256.jpg,111,128.57898055555555,35.86830277777778,1777631976
255,414.jpg,112,128.735625,35.82037777777778,1777646949
256,299.jpg,113,128.58117777777778,35.86994444444444,1777633351
257,262.jpg,114,128.579225,35.86848888888889,1777632007
258,474.jpg,115,128.7360833333333,35.82110277777778,1777648037
259,73.jpg,116,128.57966809972223,35.8686694,1774017830
260,641.jpg,117,128.58036666666666,35.86974444444444,1777646249
261,740.jpg,118,128.58215277777776,35.86921666666667,1777647504
262,664.jpg,118,128.58218333333332,35.86920833333333,1777646651
263,665.jpg,118,128.58216944444445,35.86920277777778,1777646654
264,379.jpg,118,128.58223055555555,35.869275,1777636150
265,381.jpg,118,128.58218333333332,35.86925,1777636167
266,662.jpg,118,128.58216944444445,35.86931111111111,1777646626
267,673.jpg,119,128.58215277777776,35.86906944444444,1777646687
268,201.jpg,119,128.58222929972223,35.8690525,1774021652
269,671.jpg,119,128.5821388888889,35.86908611111111,1777646677
270,672.jpg,119,128.58215277777776,35.86910555555556,1777646674
271,476.jpg,120,128.73588611111109,35.82087222222223,1777648094
272,475.jpg,120,128.73593055555554,35.820888888888895,1777648082
273,494.jpg,121,128.60949239972223,35.881769499722225,1777739687
274,492.jpg,121,128.60949239972223,35.881769499722225,1777739711
275,90.jpg,122,128.58221388888887,35.86892777777778,1773401021
276,461.jpg,123,128.73591666666664,35.82190000000001,1777647928
277,434.jpg,123,128.73591666666664,35.82188333333334,1777647242
278,374.jpg,124,128.58207777777778,35.86858333333333,1777635993
279,723.jpg,124,128.5820611111111,35.86858333333333,1777647222
280,725.jpg,124,128.58207777777778,35.86858055555555,1777647226
281,724.jpg,124,128.58209166666666,35.86858333333333,1777647224
282,726.jpg,124,128.58209166666666,35.86856111111111,1777647232
283,727.jpg,124,128.58209166666666,35.86856111111111,1777647234
284,375.jpg,124,128.58207777777778,35.868575,1777635994
285,728.jpg,124,128.58210833333334,35.86855277777778,1777647237
286,722.jpg,124,128.58204722222223,35.868625,1777647213
287,242.jpg,125,128.578125,35.86835,1777631807
288,243.jpg,125,128.578125,35.86835,1777631810
289,230.jpg,126,128.5799111111111,35.868652777777775,1777631517
290,366.jpg,126,128.57977222222223,35.868697222222224,1777635422
291,231.jpg,126,128.57985,35.86860277777778,1777631520
292,99.jpg,126,128.57984009999998,35.8686967,1774018150
293,72.jpg,126,128.57989444444445,35.868605555555554,1773400574
294,394.jpg,127,128.7093361111111,35.83729166666667,1777645285
295,396.jpg,127,128.70930555555555,35.837180555555555,1777645299
296,393.jpg,127,128.7093361111111,35.83730277777778,1777645283
297,395.jpg,127,128.70930555555555,35.837269444444445,1777645289
298,265.jpg,128,128.57969722222222,35.86846111111111,1777632038
299,81.jpg,129,128.57900219972223,35.86859439972222,1774017932
300,440.jpg,130,128.73548888888888,35.82295555555556,1777647482
301,483.jpg,131,128.60956489999998,35.8820004,1777739519
302,276.jpg,132,128.5816638888889,35.86863611111111,1777632191
303,713.jpg,132,128.5817111111111,35.86864722222222,1777647171
304,435.jpg,133,128.7359,35.82210277777778,1777647262
305,560.jpg,134,128.58168055555555,35.86985,1777642742
306,639.jpg,135,128.58021666666667,35.869769444444444,1777646220
307,212.jpg,136,128.58175555555556,35.86856111111111,1774021962
308,418.jpg,137,128.73603888888888,35.82005277777778,1777646995
309,653.jpg,138,128.58175555555556,35.86922777777778,1777646554
310,652.jpg,138,128.58175555555556,35.869233333333334,1777646553
311,426.jpg,139,128.73603888888888,35.820769444444444,1777647115
312,450.jpg,140,128.73585555555553,35.82256666666667,1777647840
313,490.jpg,141,128.6093012,35.88136,1777739736
314,642.jpg,142,128.58042777777777,35.86975,1777646256
315,208.jpg,143,128.58207777777778,35.86952222222222,1774021656
316,122.jpg,144,128.57948333333334,35.869055555555555,1774018387
317,486.jpg,145,128.60970219972222,35.88231389972222,1777739455
318,695.jpg,146,128.58128333333332,35.868769444444446,1777646877
319,586.jpg,147,128.57965,35.868972222222226,1777643398
320,573.jpg,148,128.5808722222222,35.86913333333333,1777643161
321,333.jpg,148,128.5807638888889,35.86913333333333,1777634383
322,136.jpg,149,128.57895,35.86900833333333,1774018581
323,115.jpg,150,128.5793859,35.8689539,1774018496
324,447.jpg,151,128.73577777777777,35.82285277777778,1777647795
325,389.jpg,152,128.70953333333333,35.83815,1777645192
326,391.jpg,153,128.70945833333332,35.83773888888889,1777645234
327,458.jpg,154,128.7359,35.82199166666667,1777647916
328,473.jpg,155,128.73603888888888,35.82119444444445,1777648023
329,60.jpg,156,128.58187777777778,35.86978888888889,1773400099
330,293.jpg,157,128.5821388888889,35.86986111111111,1777632644
331,554.jpg,158,128.58193888888889,35.86984722222222,1777642692
332,651.jpg,159,128.5815722222222,35.86924444444445,1777646521
333,170.jpg,159,128.5815888888889,35.869258333333335,1774019230
334,283.jpg,160,128.58195555555554,35.869147222222225,1777632304
335,191.jpg,161,128.581803,35.8692384,1774020442
336,187.jpg,161,128.58178899972222,35.8692396,1774020404
337,736.jpg,162,128.5820611111111,35.86888888888889,1777647462
338,737.jpg,163,128.58241388888888,35.86911666666667,1777647463
339,351.jpg,164,128.57975833333333,35.86890833333334,1777634890
340,254.jpg,165,128.57893333333334,35.86844166666667,1777631971
341,439.jpg,166,128.73576388888887,35.82273055555556,1777647349
342,493.jpg,167,128.60949239972223,35.881769499722225,1777739703
343,658.jpg,168,128.58204722222223,35.869233333333334,1777646597
344,365.jpg,169,128.57975833333333,35.86870277777778,1777635415
345,195.jpg,170,128.58096839972222,35.869148799722225,1774016812
346,2.jpg,170,128.58096839972222,35.869148799722225,1774016815
347,218.jpg,171,128.58209166666666,35.86870555555556,1777631325
348,734.jpg,172,128.58203055555555,35.86851388888889,1777647396
349,733.jpg,172,128.5820611111111,35.86848055555556,1777647386
350,399.jpg,173,128.709275,35.83705833333334,1777645318
351,398.jpg,173,128.70930555555555,35.83711666666667,1777645309
352,415.jpg,174,128.7356722222222,35.820347222222225,1777646979
353,404.jpg,175,128.7093972222222,35.83742777777778,1777645419
354,432.jpg,176,128.73597777777778,35.821738888888895,1777647219
355,425.jpg,177,128.7360222222222,35.820705555555556,1777647106
356,487.jpg,178,128.60969739972222,35.8823518,1777739429
357,626.jpg,179,128.5794361111111,35.86951111111111,1777646060
358,625.jpg,179,128.57945277777776,35.869480555555555,1777646051
359,441.jpg,180,128.7356861111111,35.82331388888889,1777647517
360,479.jpg,181,128.7360833333333,35.82059166666667,1777648129
361,238.jpg,182,128.5794222222222,35.868655555555556,1777631562
362,236.jpg,182,128.57946666666666,35.86866388888889,1777631557
363,240.jpg,183,128.5793,35.86861666666667,1777631570
364,421.jpg,184,128.7361,35.820033333333335,1777647026
365,454.jpg,185,128.73586944444443,35.82219722222222,1777647895
366,203.jpg,186,128.58222939972222,35.869041799722226,1774021663
367,210.jpg,187,128.58178611111111,35.86852777777778,1774021956
368,322.jpg,188,128.57945277777776,35.869502777777775,1777634114
369,234.jpg,189,128.579575,35.86872777777778,1777631550
370,232.jpg,190,128.5798027777778,35.868605555555554,1777631524
371,33.jpg,191,128.5812942,35.8686109,1774017389
372,224.jpg,192,128.58140555555556,35.86867222222222,1777631388
373,275.jpg,193,128.5815888888889,35.86859444444445,1777632184
374,707.jpg,193,128.58161944444444,35.86864444444444,1777647154
375,732.jpg,194,128.5820611111111,35.86844166666667,1777647383
376,376.jpg,194,128.58207777777778,35.86847777777778,1777636010
377,715.jpg,195,128.58181666666667,35.868655555555556,1777647183
378,78.jpg,196,128.57934444444444,35.868625,1773400628
379,239.jpg,196,128.57933055555554,35.86862222222222,1777631568
380,424.jpg,197,128.73603888888888,35.82050277777778,1777647084
381,482.jpg,198,128.60949199972222,35.881851599722225,1777739534
382,397.jpg,199,128.70930555555555,35.83712777777778,1777645307
383,716.jpg,200,128.58181666666667,35.868652777777775,1777647185
384,731.jpg,201,128.58210833333334,35.86844722222222,1777647253
385,97.jpg,202,128.57960349972223,35.8686743,1774018125
386,95.jpg,202,128.57960349972223,35.8686743,1774018126
387,255.jpg,203,128.57893333333334,35.86835833333333,1777631972
388,216.jpg,204,128.58044444444445,35.86857222222222,1774022106
389,273.jpg,205,128.58055,35.86851111111111,1777632105
390,174.jpg,206,128.57952777777777,35.86943333333333,1773399425
391,702.jpg,207,128.58119166666665,35.86878611111111,1777647070
392,326.jpg,208,128.57978888888888,35.86897777777778,1777634237
393,691.jpg,209,128.58142222222222,35.86864444444444,1777646850
394,690.jpg,209,128.58145277777777,35.868625,1777646847
395,337.jpg,209,128.58142222222222,35.868605555555554,1777634561
396,417.jpg,210,128.73606944444444,35.82010555555556,1777646989
397,49.jpg,211,128.58193119999999,35.8686554,1774017587
398,277.jpg,212,128.5817722222222,35.86861388888889,1777632198
399,714.jpg,212,128.5817722222222,35.868655555555556,1777647177
400,708.jpg,213,128.58161944444444,35.86864444444444,1777647157
401,620.jpg,214,128.5795138888889,35.86918888888889,1777645992
402,233.jpg,215,128.57961944444443,35.86859166666667,1777631546
403,244.jpg,216,128.57813888888887,35.86834722222222,1777631815
404,429.jpg,217,128.7360222222222,35.82149444444445,1777647199
405,468.jpg,217,128.73599166666665,35.821513888888894,1777647980
406,446.jpg,218,128.73579444444442,35.82288333333334,1777647792
407,464.jpg,219,128.73594722222222,35.82178888888889,1777647943
408,465.jpg,219,128.7359611111111,35.82173055555556,1777647957
409,706.jpg,220,128.5815888888889,35.86863611111111,1777647151
410,89.jpg,221,128.57899269972222,35.8685769,1774018064
411,250.jpg,222,128.5785361111111,35.86834722222222,1777631935
412,456.jpg,223,128.73588611111109,35.82210555555556,1777647905
413,357.jpg,224,128.5796361111111,35.86881666666667,1777634965
414,612.jpg,225,128.5795138888889,35.86904166666667,1777645945
415,700.jpg,226,128.58119166666665,35.869166666666665,1777647035
416,12.jpg,227,128.5794889,35.8683703,1774022256
417,57.jpg,228,128.58074469972223,35.86873789972222,1774017676
418,76.jpg,229,128.5798027777778,35.86862222222222,1773400585
419,8.jpg,229,128.57984099972222,35.8686901,1774022193
420,281.jpg,230,128.58195555555554,35.8686,1777632211
421,720.jpg,230,128.58193888888889,35.868652777777775,1777647204
422,594.jpg,231,128.57920833333333,35.86893888888889,1777643488
423,144.jpg,231,128.57914722222222,35.868919444444444,1774018689
424,140.jpg,231,128.57913333333332,35.868919444444444,1774018684
425,126.jpg,232,128.57933055555554,35.86895833333333,1774018540
426,315.jpg,232,128.57945277777776,35.86897777777778,1777634041
427,588.jpg,232,128.57939166666665,35.86900833333333,1777643447
428,36.jpg,233,128.58000277777776,35.86898333333333,1773399518
429,329.jpg,233,128.5799861111111,35.86890833333334,1777634269
430,100.jpg,234,128.5802,35.86901944444445,1774018250
431,303.jpg,235,128.580125,35.86893333333333,1777633690
432,603.jpg,236,128.579025,35.869011111111114,1777643769
433,88.jpg,237,128.58161944444444,35.868722222222225,1773400939
434,615.jpg,238,128.57955833333332,35.86906944444444,1777645965
435,21.jpg,238,128.5795138888889,35.86909444444444,1773399462
436,650.jpg,239,128.5815111111111,35.869255555555554,1777646512
437,697.jpg,240,128.5811611111111,35.869033333333334,1777646915
438,699.jpg,240,128.5811611111111,35.869083333333336,1777646945
439,681.jpg,241,128.58178611111111,35.86866666666667,1777646793
440,693.jpg,242,128.58131388888887,35.86871388888889,1777646864
441,568.jpg,243,128.58119166666665,35.86942777777778,1777643037
442,687.jpg,244,128.5815722222222,35.86858333333333,1777646832
443,339.jpg,245,128.58145277777777,35.868605555555554,1777634568
444,636.jpg,246,128.5802,35.869791666666664,1777646200
445,674.jpg,247,128.58209166666666,35.86875277777778,1777646749
446,207.jpg,247,128.5820736,35.8687424,1774021752
447,659.jpg,248,128.58207777777778,35.86924722222222,1777646600
448,39.jpg,249,128.5820955,35.8687346,1774017486
449,37.jpg,249,128.5820961,35.8687344,1774017478
450,675.jpg,249,128.58210833333334,35.868744444444445,1777646745
451,205.jpg,249,128.5820587,35.8687624,1774021746
452,340.jpg,250,128.5815111111111,35.86864166666667,1777634578
453,23.jpg,251,128.57901599972223,35.869016199722225,1774022615
454,177.jpg,252,128.5810342997222,35.86918539972222,1774019909
455,160.jpg,253,128.5812388888889,35.869575,1774019137
456,325.jpg,254,128.5796361111111,35.868988888888886,1777634208
457,598.jpg,255,128.57940555555555,35.868991666666666,1777643694
458,488.jpg,256,128.6095483,35.88195269972222,1777740477
459,223.jpg,257,128.5815722222222,35.86867222222222,1777631366
460,345.jpg,258,128.58163333333334,35.86861388888889,1777634614
461,113.jpg,259,128.57952169972222,35.86901819972222,1774018379
462,118.jpg,259,128.579575,35.86907222222222,1774018377
463,661.jpg,260,128.58216944444445,35.86928888888889,1777646621
464,590.jpg,261,128.579375,35.868994444444446,1777643453
465,124.jpg,261,128.5794222222222,35.86904444444445,1774018399
466,324.jpg,262,128.57958888888888,35.86900833333333,1777634202
467,30.jpg,263,128.5821222222222,35.86918611111111,1773398887
468,645.jpg,264,128.5812222222222,35.86971944444444,1777646391
469,336.jpg,265,128.58120833333334,35.86918611111111,1777634445
470,27.jpg,266,128.58094549999998,35.869156699722225,1774017203
471,575.jpg,267,128.58062777777778,35.86913611111111,1777643203
472,154.jpg,268,128.58009444444443,35.869658333333334,1774018919
473,130.jpg,268,128.58018611111112,35.869708333333335,1773399341
474,657.jpg,269,128.58203055555555,35.86924444444445,1777646593
475,101.jpg,270,128.57984009999998,35.8686967,1774018164
476,378.jpg,271,128.58221388888887,35.8691,1777636110
477,623.jpg,272,128.57948333333334,35.86926666666667,1777646008
478,175.jpg,273,128.58044799972222,35.8691034,1774019833
479,485.jpg,274,128.60969779972223,35.8823006,1777739475
480,107.jpg,275,128.58156529972223,35.8698131,1774016473
481,108.jpg,276,128.58015555555556,35.869883333333334,1773399308
482,137.jpg,277,128.5799633,35.8698349,1774018901
483,139.jpg,277,128.5799633,35.8698349,1774018907
484,361.jpg,278,128.57977222222223,35.86886111111111,1777635139
485,362.jpg,278,128.57977222222223,35.86890277777778,1777635146
486,363.jpg,278,128.57978888888888,35.868858333333336,1777635171
487,364.jpg,279,128.57977222222223,35.86883888888889,1777635279
488,386.jpg,280,128.70944166666666,35.839019444444446,1777645135
489,300.jpg,281,128.58142222222222,35.86987222222222,1777633375
490,64.jpg,282,128.58119166666665,35.86974722222222,1773399193
491,165.jpg,282,128.58113829972223,35.869793899722225,1774019500
492,304.jpg,283,128.57885833333333,35.86863611111111,1777633915
493,157.jpg,284,128.5821152997222,35.8694806,1774019332
494,11.jpg,285,128.579575,35.86878611111111,1774022626
495,354.jpg,285,128.57966666666667,35.868830555555554,1777634947
496,682.jpg,286,128.5817722222222,35.86866111111111,1777646798
497,220.jpg,286,128.58174166666666,35.86868333333334,1777631352
498,171.jpg,287,128.58008999999998,35.869740299722224,1774019615
499,156.jpg,287,128.58013888888888,35.86976111111111,1774018931
500,302.jpg,287,128.58018611111112,35.869727777777776,1777633591
501,111.jpg,288,128.58033079999998,35.868974299722225,1774018234
502,198.jpg,289,128.58161944444444,35.86888611111111,1774020273
503,349.jpg,290,128.57978888888888,35.868922222222224,1777634870
504,359.jpg,290,128.57978888888888,35.86893333333333,1777635127
505,155.jpg,291,128.58219529972223,35.869336599722224,1774019311
506,103.jpg,292,128.5800647,35.868736499722225,1774018177
507,346.jpg,292,128.58015555555556,35.868747222222225,1777634766
508,141.jpg,293,128.58032109972223,35.869831599722225,1774018975
509,16.jpg,294,128.57890119972222,35.867844499722224,1774022348
510,179.jpg,295,128.58112729972223,35.8691997,1774019928
511,222.jpg,296,128.58163333333334,35.868655555555556,1777631362
512,226.jpg,297,128.58030833333333,35.868722222222225,1777631493
513,245.jpg,298,128.57844444444444,35.86845,1777631919
514,284.jpg,299,128.58186388888888,35.869125000000004,1777632310
515,290.jpg,300,128.5821388888889,35.870016666666665,1777632446
516,323.jpg,301,128.5794361111111,35.869197222222226,1777634178
517,387.jpg,302,128.7096111111111,35.838347222222225,1777645169
518,413.jpg,303,128.73576388888887,35.82035833333334,1777646938
519,80.jpg,304,128.57928333333334,35.868625,1773400633
520,44.jpg,305,128.580125,35.869030555555554,1773399537
521,285.jpg,306,128.58181666666667,35.86915555555556,1777632325
522,199.jpg,306,128.5818293,35.869179,1774021100
523,385.jpg,307,128.58102499999998,35.86900277777778,1777636355
524,411.jpg,308,128.71012777777776,35.83731944444445,1777645473
525,412.jpg,308,128.7101583333333,35.83730833333333,1777645477
526,43.jpg,309,128.58204509972222,35.8686367,1774017527
527,437.jpg,310,128.73588611111109,35.82238055555556,1777647301
528,452.jpg,310,128.73583888888888,35.82241944444445,1777647860
529,225.jpg,311,128.5803222222222,35.868611111111115,1777631455
530,444.jpg,312,128.73579444444442,35.82297777777778,1777647783
531,443.jpg,313,128.73571666666666,35.82308888888889,1777647774
532,694.jpg,314,128.58131388888887,35.86872777777778,1777646870
533,405.jpg,315,128.70950277777777,35.83743333333334,1777645426
534,646.jpg,316,128.58119166666665,35.86951944444444,1777646421
535,110.jpg,317,128.57981944444444,35.86905,1774018323
536,643.jpg,318,128.5806722222222,35.869769444444444,1777646289
537,410.jpg,319,128.71005277777778,35.83731944444445,1777645469
538,477.jpg,320,128.73599166666665,35.82086666666667,1777648105
539,202.jpg,321,128.58186388888888,35.869166666666665,1774020342
540,162.jpg,322,128.58126944444444,35.869566666666664,1774019139
541,403.jpg,323,128.70915277777777,35.83683333333334,1777645347
542,152.jpg,324,128.57952777777777,35.869625,1773399405
543,436.jpg,325,128.73586944444443,35.82212777777778,1777647288
544,309.jpg,326,128.57904166666665,35.868988888888886,1777633977
545,433.jpg,327,128.7359611111111,35.821827777777784,1777647234
546,68.jpg,328,128.5802611111111,35.869347222222224,1773400427
547,98.jpg,329,128.58021666666667,35.86882777777778,1774018222
548,87.jpg,330,128.57884759972222,35.86809889972222,1774017980
549,125.jpg,331,128.5795793,35.8692222,1774018760
550,617.jpg,332,128.57954444444445,35.86913055555556,1777645977
551,472.jpg,333,128.73603888888888,35.82120555555556,1777648022
552,313.jpg,334,128.57917777777777,35.86896111111111,1777634006
553,150.jpg,335,128.5794361111111,35.869819444444445,1774018836
554,596.jpg,336,128.57940555555555,35.868994444444446,1777643689
555,730.jpg,337,128.58210833333334,35.86851388888889,1777647245
556,86.jpg,338,128.58035277777776,35.8697,1773399268
557,649.jpg,339,128.58148055555554,35.869255555555554,1777646507
558,164.jpg,340,128.58126944444444,35.86935833333333,1774019159
559,355.jpg,341,128.57966666666667,35.868830555555554,1777634952
560,56.jpg,342,128.58133055555555,35.869147222222225,1773399673
561,66.jpg,343,128.58027777777778,35.8697,1773400377
562,168.jpg,344,128.58143611111112,35.869236111111114,1774019211
563,149.jpg,345,128.5814966,35.8691217,1774019213
564,574.jpg,346,128.5807638888889,35.86918888888889,1777643184
565,593.jpg,347,128.57920833333333,35.868941666666665,1777643482
566,460.jpg,348,128.73591666666664,35.82192222222223,1777647924
567,94.jpg,349,128.57965,35.86866388888889,1774018136
568,616.jpg,350,128.57955833333332,35.869075,1777645968
569,587.jpg,350,128.579575,35.868994444444446,1777643416
570,610.jpg,351,128.5794361111111,35.869033333333334,1777645924
571,556.jpg,352,128.58181666666667,35.86986111111111,1777642714
572,251.jpg,353,128.57870555555556,35.86839166666667,1777631946
573,618.jpg,354,128.57952777777777,35.869147222222225,1777645982
574,367.jpg,355,128.580125,35.86870833333333,1777635447
575,9.jpg,356,128.5798027777778,35.868747222222225,1774022178
576,241.jpg,357,128.57882777777778,35.86847222222222,1777631642
577,648.jpg,358,128.58133055555555,35.869255555555554,1777646491
578,69.jpg,359,128.5801457,35.868716399722224,1774017798
579,7.jpg,360,128.57985,35.868769444444446,1774022172
580,318.jpg,361,128.57948333333334,35.869225,1777634072
581,196.jpg,362,128.57952777777777,35.869419444444446,1773399426
582,320.jpg,362,128.57946666666666,35.869372222222225,1777634091
583,638.jpg,363,128.58023055555554,35.86980555555556,1777646212
584,181.jpg,364,128.58132119972223,35.86916289972222,1774020279
585,431.jpg,365,128.73597777777778,35.821602777777784,1777647206
586,484.jpg,366,128.60957829999998,35.8820058,1777739494
587,167.jpg,367,128.58112299972223,35.8697949,1774019506
588,288.jpg,368,128.5822,35.86989166666667,1777632433
589,84.jpg,369,128.58178611111111,35.869144444444444,1773398919
590,548.jpg,370,128.58216944444445,35.86986111111111,1777642651
591,703.jpg,371,128.5813611111111,35.868586111111114,1777647101
592,630.jpg,372,128.5794361111111,35.86961388888889,1777646077
593,466.jpg,373,128.7359611111111,35.821725,1777647961
594,678.jpg,374,128.58204722222223,35.86873888888889,1777646756
595,77.jpg,375,128.57927549972223,35.8686282,1774017863
596,291.jpg,376,128.5821222222222,35.869883333333334,1777632500
597,551.jpg,376,128.58201666666668,35.86986944444445,1777642673
598,328.jpg,377,128.5799722222222,35.86888611111111,1777634246
599,289.jpg,378,128.58215277777776,35.870022222222225,1777632445
600,221.jpg,379,128.58174166666666,35.86868333333334,1777631352
601,63.jpg,380,128.5818179997222,35.869802499722226,1774016409
602,294.jpg,381,128.5815888888889,35.8699,1777632689
603,298.jpg,382,128.58117777777778,35.86994444444444,1777633349
604,335.jpg,383,128.58113055555555,35.86915555555556,1777634426
605,295.jpg,384,128.58140555555556,35.86975555555556,1777632713
606,297.jpg,385,128.58113055555555,35.870105555555554,1777633336
607,17.jpg,386,128.5788439,35.8684372,1774022496
608,24.jpg,387,128.5799321,35.8690434,1774022698
609,246.jpg,388,128.57844444444444,35.86845,1777631921
610,247.jpg,388,128.5784611111111,35.86839722222222,1777631922
611,248.jpg,388,128.57844444444444,35.86836666666667,1777631926
612,368.jpg,389,128.5813,35.86890833333334,1777635580
613,369.jpg,389,128.58134444444445,35.86886944444444,1777635585
614,370.jpg,390,128.58190833333333,35.86881388888889,1777635707
615,371.jpg,391,128.58201666666668,35.86878333333333,1777635749
616,121.jpg,392,128.5788837,35.869038,1774018634
617,83.jpg,393,128.57900219972223,35.86859439972222,1774017951
618,352.jpg,394,128.57955833333332,35.868855555555555,1777634926
619,20.jpg,395,128.58045709972222,35.8688999,1774016957
620,249.jpg,396,128.57850555555555,35.86833888888889,1777631932
621,409.jpg,397,128.70999166666667,35.83733055555556,1777645463
622,127.jpg,398,128.57958859972223,35.869252799722226,1774018774
623,91.jpg,399,128.5790776,35.86868809972222,1774018089
624,427.jpg,400,128.7361,35.82087777777778,1777647127
625,235.jpg,401,128.57949722222222,35.86867222222222,1777631555
626,676.jpg,402,128.58221388888887,35.86898333333333,1777646705
627,668.jpg,403,128.58216944444445,35.86918333333333,1777646663
628,666.jpg,403,128.58215277777776,35.86918611111111,1777646656
629,669.jpg,404,128.58215277777776,35.86906944444444,1777646685
630,670.jpg,404,128.5821388888889,35.86906944444444,1777646683
631,67.jpg,405,128.5801457,35.868716399722224,1774017769
632,735.jpg,406,128.58204722222223,35.86852777777778,1777647400
633,739.jpg,407,128.58223055555555,35.869083333333336,1777647480
634,166.jpg,408,128.58139166666666,35.86923888888889,1774019206
635,555.jpg,409,128.58187777777778,35.86985,1777642697
636,1.jpg,410,128.58175555555556,35.86913611111111,1773398922
637,193.jpg,411,128.5818591,35.8692725,1774020566
638,704.jpg,412,128.58148055555554,35.868625,1777647136
639,634.jpg,413,128.57978888888888,35.86975833333334,1777646137
640,608.jpg,414,128.5793611111111,35.86907222222222,1777645908
641,10.jpg,415,128.5794889,35.8683703,1774022243
642,400.jpg,416,128.70922777777776,35.836925,1777645335
643,153.jpg,417,128.5817015,35.8691164,1774019267
644,261.jpg,418,128.57919444444445,35.86844166666667,1777632005
645,595.jpg,419,128.57917777777777,35.868941666666665,1777643505
646,142.jpg,419,128.57914722222222,35.868916666666664,1774018688
647,356.jpg,420,128.57966666666667,35.868830555555554,1777634954
648,358.jpg,420,128.5796361111111,35.86881666666667,1777634968
649,373.jpg,421,128.58210833333334,35.868630555555555,1777635988
650,667.jpg,422,128.58216944444445,35.869172222222225,1777646662
651,301.jpg,423,128.5803388888889,35.86966388888889,1777633467
652,455.jpg,424,128.7359,35.82213333333333,1777647902
653,133.jpg,425,128.5795501,35.8694325,1774018823
654,71.jpg,426,128.5797195,35.8685581,1774017817
655,296.jpg,427,128.58114722222223,35.87003611111111,1777632747
656,143.jpg,428,128.58032109972223,35.869831599722225,1774019002
657,372.jpg,429,128.5817111111111,35.86893888888889,1777635852
658,347.jpg,430,128.5799111111111,35.868877777777776,1777634825
659,161.jpg,431,128.58193399972222,35.869843099722225,1774019441
660,219.jpg,432,128.58193888888889,35.86868611111111,1777631334
661,334.jpg,433,128.58117777777778,35.86896388888889,1777634422
662,360.jpg,434,128.57978888888888,35.86893333333333,1777635130
663,147.jpg,435,128.5811764,35.8693164,1774019163
664,151.jpg,436,128.58125649972223,35.869106799722225,1774016681
665,282.jpg,437,128.58204722222223,35.869236111111114,1777632289
666,93.jpg,438,128.5790776,35.86868809972222,1774018104
667,428.jpg,439,128.7360222222222,35.82149444444445,1777647197
668,274.jpg,440,128.58149722222223,35.868633333333335,1777632173
669,344.jpg,440,128.58160277777776,35.86863611111111,1777634598
670,3.jpg,441,128.57955833333332,35.869213888888886,1773399446
671,217.jpg,442,128.5821388888889,35.868697222222224,1777631320
672,453.jpg,443,128.73586944444443,35.822269444444444,1777647883
673,129.jpg,444,128.58156529972223,35.8698131,1774016508
674,96.jpg,445,128.58117777777778,35.86967777777778,1773399043
675,599.jpg,446,128.57926944444444,35.86889166666667,1777643733
676,692.jpg,447,128.58133055555555,35.86869444444444,1777646858
677,679.jpg,448,128.58203055555555,35.86873333333333,1777646761
678,680.jpg,449,128.58190833333333,35.86869444444444,1777646781
679,563.jpg,450,128.5812222222222,35.86960277777778,1777642989
680,377.jpg,451,128.5821222222222,35.86836111111111,1777636032
681,169.jpg,452,128.58057669972223,35.8697407,1774019577
682,591.jpg,453,128.5793,35.868972222222226,1777643465
683,200.jpg,454,128.58149722222223,35.869397222222226,1774020278
684,14.jpg,455,128.5793466,35.8681057,1774022271
685,70.jpg,456,128.5802,35.86869444444444,1773400546
686,51.jpg,457,128.58120969972222,35.8687289,1774017635
687,163.jpg,458,128.5811299,35.86979159972222,1774019488
